Image Name,Label
cables_1.jpg,0
cables_10.jpg,0
cables_100.jpg,0
cables_101.jpg,0
cables_102.jpg,0
cables_103.jpg,0
cables_104.jpg,0
cables_105.jpg,0
cables_106.jpg,0
cables_107.jpg,0
cables_108.jpg,0
cables_109.jpg,0
cables_11.jpg,0
cables_110.jpg,0
cables_111.jpg,0
cables_112.jpg,0
cables_113.jpg,0
cables_114.jpg,0
cables_115.jpg,0
cables_116.jpg,0
cables_117.jpg,0
cables_118.jpg,0
cables_119.jpg,0
cables_12.jpg,0
cables_120.jpg,0
cables_121.jpg,0
cables_122.jpg,0
cables_123.jpg,0
cables_124.jpg,0
cables_125.jpg,0
cables_126.jpg,0
cables_127.jpg,0
cables_128.jpg,0
cables_129.jpg,0
cables_13.jpg,0
cables_130.jpg,0
cables_131.jpg,0
cables_132.jpg,0
cables_133.jpg,0
cables_134.jpg,0
cables_135.jpg,0
cables_136.jpg,0
cables_137.jpg,0
cables_138.jpg,0
cables_139.jpg,0
cables_14.jpg,0
cables_140.jpg,0
cables_141.jpg,0
cables_142.jpg,0
cables_143.jpg,0
cables_144.jpg,0
cables_145.jpg,0
cables_146.jpg,0
cables_147.jpg,0
cables_148.jpg,0
cables_149.jpg,0
cables_15.jpg,0
cables_150.jpg,0
cables_151.jpg,0
cables_152.jpg,0
cables_153.jpg,0
cables_154.jpg,0
cables_155.jpg,0
cables_156.jpg,0
cables_157.jpg,0
cables_158.jpg,0
cables_159.jpg,0
cables_16.jpg,0
cables_160.jpg,0
cables_161.jpg,0
cables_162.jpg,0
cables_163.jpg,0
cables_164.jpg,0
cables_165.jpg,0
cables_166.jpg,0
cables_167.jpg,0
cables_168.jpg,0
cables_169.jpg,0
cables_17.jpg,0
cables_170.jpg,0
cables_171.jpg,0
cables_172.jpg,0
cables_173.jpg,0
cables_174.jpg,0
cables_175.jpg,0
cables_176.jpg,0
cables_177.jpg,0
cables_178.jpg,0
cables_179.jpg,0
cables_18.jpg,0
cables_180.jpg,0
cables_181.jpg,0
cables_182.jpg,0
cables_183.jpg,0
cables_184.jpg,0
cables_185.jpg,0
cables_186.jpg,0
cables_187.jpg,0
cables_188.jpg,0
cables_189.jpg,0
cables_19.jpg,0
cables_190.jpg,0
cables_191.jpg,0
cables_192.jpg,0
cables_193.jpg,0
cables_194.jpg,0
cables_195.jpg,0
cables_196.jpg,0
cables_197.jpg,0
cables_198.jpg,0
cables_199.jpg,0
cables_2.jpg,0
cables_20.jpg,0
cables_200.jpg,0
cables_201.jpg,0
cables_202.jpg,0
cables_203.jpg,0
cables_204.jpg,0
cables_205.jpg,0
cables_206.jpg,0
cables_207.jpg,0
cables_208.jpg,0
cables_209.jpg,0
cables_21.jpg,0
cables_210.jpg,0
cables_211.jpg,0
cables_212.jpg,0
cables_213.jpg,0
cables_214.jpg,0
cables_215.jpg,0
cables_216.jpg,0
cables_217.jpg,0
cables_218.jpg,0
cables_219.jpg,0
cables_22.jpg,0
cables_220.jpg,0
cables_221.jpg,0
cables_222.jpg,0
cables_223.jpg,0
cables_224.jpg,0
cables_225.jpg,0
cables_226.jpg,0
cables_227.jpg,0
cables_228.jpg,0
cables_229.jpg,0
cables_23.jpg,0
cables_230.jpg,0
cables_231.jpg,0
cables_232.jpg,0
cables_233.jpg,0
cables_234.jpg,0
cables_235.jpg,0
cables_236.jpg,0
cables_237.jpg,0
cables_238.jpg,0
cables_239.jpg,0
cables_24.jpg,0
cables_240.jpg,0
cables_241.jpg,0
cables_242.jpg,0
cables_243.jpg,0
cables_244.jpg,0
cables_245.jpg,0
cables_246.jpg,0
cables_247.jpg,0
cables_248.jpg,0
cables_249.jpg,0
cables_25.jpg,0
cables_250.jpg,0
cables_251.jpg,0
cables_252.jpg,0
cables_253.jpg,0
cables_254.jpg,0
cables_255.jpg,0
cables_256.jpg,0
cables_257.jpg,0
cables_258.jpg,0
cables_259.jpg,0
cables_26.jpg,0
cables_260.jpg,0
cables_261.jpg,0
cables_262.jpg,0
cables_263.jpg,0
cables_264.jpg,0
cables_265.jpg,0
cables_266.jpg,0
cables_267.jpg,0
cables_268.jpg,0
cables_269.jpg,0
cables_27.jpg,0
cables_270.jpg,0
cables_271.jpg,0
cables_272.jpg,0
cables_273.jpg,0
cables_274.jpg,0
cables_275.jpg,0
cables_276.jpg,0
cables_277.jpg,0
cables_278.jpg,0
cables_279.jpg,0
cables_28.jpg,0
cables_280.jpg,0
cables_281.jpg,0
cables_282.jpg,0
cables_283.jpg,0
cables_284.jpg,0
cables_285.jpg,0
cables_286.jpg,0
cables_287.jpg,0
cables_288.jpg,0
cables_289.jpg,0
cables_29.jpg,0
cables_290.jpg,0
cables_291.jpg,0
cables_292.jpg,0
cables_293.jpg,0
cables_294.jpg,0
cables_295.jpg,0
cables_296.jpg,0
cables_297.jpg,0
cables_298.jpg,0
cables_3.jpg,0
cables_30.jpg,0
cables_31.jpg,0
cables_32.jpg,0
cables_33.jpg,0
cables_34.jpg,0
cables_35.jpg,0
cables_36.jpg,0
cables_37.jpg,0
cables_38.jpg,0
cables_39.jpg,0
cables_4.jpg,0
cables_40.jpg,0
cables_41.jpg,0
cables_42.jpg,0
cables_43.jpg,0
cables_44.jpg,0
cables_45.jpg,0
cables_46.jpg,0
cables_47.jpg,0
cables_48.jpg,0
cables_49.jpg,0
cables_5.jpg,0
cables_50.jpg,0
cables_51.jpg,0
cables_52.jpg,0
cables_53.jpg,0
cables_54.jpg,0
cables_55.jpg,0
cables_56.jpg,0
cables_57.jpg,0
cables_58.jpg,0
cables_59.jpg,0
cables_6.jpg,0
cables_60.jpg,0
cables_61.jpg,0
cables_62.jpg,0
cables_63.jpg,0
cables_64.jpg,0
cables_65.jpg,0
cables_66.jpg,0
cables_67.jpg,0
cables_68.jpg,0
cables_69.jpg,0
cables_7.jpg,0
cables_70.jpg,0
cables_71.jpg,0
cables_72.jpg,0
cables_73.jpg,0
cables_74.jpg,0
cables_75.jpg,0
cables_76.jpg,0
cables_77.jpg,0
cables_78.jpg,0
cables_79.jpg,0
cables_8.jpg,0
cables_80.jpg,0
cables_81.jpg,0
cables_82.jpg,0
cables_83.jpg,0
cables_84.jpg,0
cables_85.jpg,0
cables_86.jpg,0
cables_87.jpg,0
cables_88.jpg,0
cables_89.jpg,0
cables_9.jpg,0
cables_90.jpg,0
cables_91.jpg,0
cables_92.jpg,0
cables_93.jpg,0
cables_94.jpg,0
cables_95.jpg,0
cables_96.jpg,0
cables_97.jpg,0
cables_98.jpg,0
cables_99.jpg,0
case_1.jpg,1
case_10.jpg,1
case_100.jpg,1
case_101.jpg,1
case_102.jpg,1
case_103.jpg,1
case_104.jpg,1
case_105.jpg,1
case_106.jpg,1
case_107.jpg,1
case_108.jpg,1
case_109.jpg,1
case_11.jpg,1
case_110.jpg,1
case_111.jpg,1
case_112.jpg,1
case_113.jpg,1
case_114.jpg,1
case_115.jpg,1
case_116.jpg,1
case_117.jpg,1
case_118.jpg,1
case_119.jpg,1
case_12.jpg,1
case_120.jpg,1
case_121.jpg,1
case_122.jpg,1
case_123.jpg,1
case_124.jpg,1
case_125.jpg,1
case_126.jpg,1
case_127.jpg,1
case_128.jpg,1
case_129.jpg,1
case_13.jpg,1
case_130.jpg,1
case_131.jpg,1
case_132.jpg,1
case_133.jpg,1
case_134.jpg,1
case_135.jpg,1
case_136.jpg,1
case_137.jpg,1
case_138.jpg,1
case_139.jpg,1
case_14.jpg,1
case_140.jpg,1
case_141.jpg,1
case_142.jpg,1
case_143.jpg,1
case_144.jpg,1
case_145.jpg,1
case_146.jpg,1
case_147.jpg,1
case_148.jpg,1
case_149.jpg,1
case_15.jpg,1
case_150.jpg,1
case_151.jpg,1
case_152.jpg,1
case_153.jpg,1
case_154.jpg,1
case_155.jpg,1
case_156.jpg,1
case_157.jpg,1
case_158.jpg,1
case_159.jpg,1
case_16.jpg,1
case_160.jpg,1
case_161.jpg,1
case_162.jpg,1
case_163.jpg,1
case_164.jpg,1
case_165.jpg,1
case_166.jpg,1
case_167.jpg,1
case_168.jpg,1
case_169.jpg,1
case_17.jpg,1
case_170.jpg,1
case_171.jpg,1
case_172.jpg,1
case_173.jpg,1
case_174.jpg,1
case_175.jpg,1
case_176.jpg,1
case_177.jpg,1
case_178.jpg,1
case_179.jpg,1
case_18.jpg,1
case_180.jpg,1
case_181.jpg,1
case_182.jpg,1
case_183.jpg,1
case_184.jpg,1
case_185.jpg,1
case_186.jpg,1
case_187.jpg,1
case_188.jpg,1
case_189.jpg,1
case_19.jpg,1
case_190.jpg,1
case_191.jpg,1
case_192.jpg,1
case_193.jpg,1
case_194.jpg,1
case_195.jpg,1
case_196.jpg,1
case_197.jpg,1
case_198.jpg,1
case_199.jpg,1
case_2.jpg,1
case_20.jpg,1
case_200.jpg,1
case_201.jpg,1
case_202.jpg,1
case_203.jpg,1
case_204.jpg,1
case_205.jpg,1
case_206.jpg,1
case_207.jpg,1
case_208.jpg,1
case_209.jpg,1
case_21.jpg,1
case_210.jpg,1
case_211.jpg,1
case_212.jpg,1
case_213.jpg,1
case_214.jpg,1
case_215.jpg,1
case_216.jpg,1
case_217.jpg,1
case_218.jpg,1
case_219.jpg,1
case_22.jpg,1
case_220.jpg,1
case_221.jpg,1
case_222.jpg,1
case_223.jpg,1
case_224.jpg,1
case_225.jpg,1
case_226.jpg,1
case_227.jpg,1
case_228.jpg,1
case_229.jpg,1
case_23.jpg,1
case_230.jpg,1
case_231.jpg,1
case_232.jpg,1
case_233.jpg,1
case_234.jpg,1
case_235.jpg,1
case_236.jpg,1
case_237.jpg,1
case_238.jpg,1
case_239.jpg,1
case_24.jpg,1
case_240.jpg,1
case_241.jpg,1
case_242.jpg,1
case_243.jpg,1
case_244.jpg,1
case_245.jpg,1
case_246.jpg,1
case_247.jpg,1
case_248.jpg,1
case_249.jpg,1
case_25.jpg,1
case_250.jpg,1
case_251.jpg,1
case_252.jpg,1
case_253.jpg,1
case_254.jpg,1
case_255.jpg,1
case_256.jpg,1
case_257.jpg,1
case_258.jpg,1
case_259.jpg,1
case_26.jpg,1
case_260.jpg,1
case_261.jpg,1
case_262.jpg,1
case_263.jpg,1
case_264.jpg,1
case_265.jpg,1
case_266.jpg,1
case_267.jpg,1
case_268.jpg,1
case_269.jpg,1
case_27.jpg,1
case_270.jpg,1
case_271.jpg,1
case_272.jpg,1
case_273.jpg,1
case_274.jpg,1
case_275.jpg,1
case_276.jpg,1
case_277.jpg,1
case_278.jpg,1
case_279.jpg,1
case_28.jpg,1
case_280.jpg,1
case_281.jpg,1
case_282.jpg,1
case_29.jpg,1
case_3.jpg,1
case_30.jpg,1
case_31.jpg,1
case_32.jpg,1
case_33.jpg,1
case_34.jpg,1
case_35.jpg,1
case_36.jpg,1
case_37.jpg,1
case_38.jpg,1
case_39.jpg,1
case_4.jpg,1
case_40.jpg,1
case_41.jpg,1
case_42.jpg,1
case_43.jpg,1
case_44.jpg,1
case_45.jpg,1
case_46.jpg,1
case_47.jpg,1
case_48.jpg,1
case_49.jpg,1
case_5.jpg,1
case_50.jpg,1
case_51.jpg,1
case_52.jpg,1
case_53.jpg,1
case_54.jpg,1
case_55.jpg,1
case_56.jpg,1
case_57.jpg,1
case_58.jpg,1
case_59.jpg,1
case_6.jpg,1
case_60.jpg,1
case_61.jpg,1
case_62.jpg,1
case_63.jpg,1
case_64.jpg,1
case_65.jpg,1
case_66.jpg,1
case_67.jpg,1
case_68.jpg,1
case_69.jpg,1
case_7.jpg,1
case_70.jpg,1
case_71.jpg,1
case_72.jpg,1
case_73.jpg,1
case_74.jpg,1
case_75.jpg,1
case_76.jpg,1
case_77.jpg,1
case_78.jpg,1
case_79.jpg,1
case_8.jpg,1
case_80.jpg,1
case_81.jpg,1
case_82.jpg,1
case_83.jpg,1
case_84.jpg,1
case_85.jpg,1
case_86.jpg,1
case_87.jpg,1
case_88.jpg,1
case_89.jpg,1
case_9.jpg,1
case_90.jpg,1
case_91.jpg,1
case_92.jpg,1
case_93.jpg,1
case_94.jpg,1
case_95.jpg,1
case_96.jpg,1
case_97.jpg,1
case_98.jpg,1
case_99.jpg,1
cpu_1.jpg,2
cpu_10.jpg,2
cpu_100.jpg,2
cpu_101.jpg,2
cpu_102.jpg,2
cpu_103.jpg,2
cpu_104.jpg,2
cpu_105.jpg,2
cpu_106.jpg,2
cpu_107.jpg,2
cpu_108.jpg,2
cpu_109.jpg,2
cpu_11.jpg,2
cpu_110.jpg,2
cpu_111.jpg,2
cpu_112.jpg,2
cpu_113.jpg,2
cpu_114.jpg,2
cpu_115.jpg,2
cpu_116.jpg,2
cpu_117.jpg,2
cpu_118.jpg,2
cpu_119.jpg,2
cpu_12.jpg,2
cpu_120.jpg,2
cpu_121.jpg,2
cpu_122.jpg,2
cpu_123.jpg,2
cpu_124.jpg,2
cpu_125.jpg,2
cpu_126.jpg,2
cpu_127.jpg,2
cpu_128.jpg,2
cpu_129.jpg,2
cpu_13.jpg,2
cpu_130.jpg,2
cpu_131.jpg,2
cpu_132.jpg,2
cpu_133.jpg,2
cpu_134.jpg,2
cpu_135.jpg,2
cpu_136.jpg,2
cpu_137.jpg,2
cpu_138.jpg,2
cpu_139.jpg,2
cpu_14.jpg,2
cpu_140.jpg,2
cpu_141.jpg,2
cpu_142.jpg,2
cpu_15.jpg,2
cpu_16.jpg,2
cpu_17.jpg,2
cpu_18.jpg,2
cpu_19.jpg,2
cpu_2.jpg,2
cpu_20.jpg,2
cpu_21.jpg,2
cpu_22.jpg,2
cpu_23.jpg,2
cpu_24.jpg,2
cpu_25.jpg,2
cpu_26.jpg,2
cpu_27.jpg,2
cpu_28.jpg,2
cpu_29.jpg,2
cpu_3.jpg,2
cpu_30.jpg,2
cpu_31.jpg,2
cpu_32.jpg,2
cpu_33.jpg,2
cpu_34.jpg,2
cpu_35.jpg,2
cpu_36.jpg,2
cpu_37.jpg,2
cpu_38.jpg,2
cpu_39.jpg,2
cpu_4.jpg,2
cpu_40.jpg,2
cpu_41.jpg,2
cpu_42.jpg,2
cpu_43.jpg,2
cpu_44.jpg,2
cpu_45.jpg,2
cpu_46.jpg,2
cpu_47.jpg,2
cpu_48.jpg,2
cpu_49.jpg,2
cpu_5.jpg,2
cpu_50.jpg,2
cpu_51.jpg,2
cpu_52.jpg,2
cpu_53.jpg,2
cpu_54.jpg,2
cpu_55.jpg,2
cpu_56.jpg,2
cpu_57.jpg,2
cpu_58.jpg,2
cpu_59.jpg,2
cpu_6.jpg,2
cpu_60.jpg,2
cpu_61.jpg,2
cpu_62.jpg,2
cpu_63.jpg,2
cpu_64.jpg,2
cpu_65.jpg,2
cpu_66.jpg,2
cpu_67.jpg,2
cpu_68.jpg,2
cpu_69.jpg,2
cpu_7.jpg,2
cpu_70.jpg,2
cpu_71.jpg,2
cpu_72.jpg,2
cpu_73.jpg,2
cpu_74.jpg,2
cpu_75.jpg,2
cpu_76.jpg,2
cpu_77.jpg,2
cpu_78.jpg,2
cpu_79.jpg,2
cpu_8.jpg,2
cpu_80.jpg,2
cpu_81.jpg,2
cpu_82.jpg,2
cpu_83.jpg,2
cpu_84.jpg,2
cpu_85.jpg,2
cpu_86.jpg,2
cpu_87.jpg,2
cpu_88.jpg,2
cpu_89.jpg,2
cpu_9.jpg,2
cpu_90.jpg,2
cpu_91.jpg,2
cpu_92.jpg,2
cpu_93.jpg,2
cpu_94.jpg,2
cpu_95.jpg,2
cpu_96.jpg,2
cpu_97.jpg,2
cpu_98.jpg,2
cpu_99.jpg,2
gpu_1.jpg,3
gpu_10.jpg,3
gpu_100.jpg,3
gpu_101.jpg,3
gpu_102.jpg,3
gpu_103.jpg,3
gpu_104.jpg,3
gpu_105.jpg,3
gpu_106.jpg,3
gpu_107.jpg,3
gpu_108.jpg,3
gpu_109.jpg,3
gpu_11.jpg,3
gpu_110.jpg,3
gpu_111.jpg,3
gpu_112.jpg,3
gpu_113.jpg,3
gpu_114.jpg,3
gpu_115.jpg,3
gpu_116.jpg,3
gpu_117.jpg,3
gpu_118.jpg,3
gpu_119.jpg,3
gpu_12.jpg,3
gpu_120.jpg,3
gpu_121.jpg,3
gpu_122.jpg,3
gpu_123.jpg,3
gpu_124.jpg,3
gpu_125.jpg,3
gpu_126.jpg,3
gpu_127.jpg,3
gpu_128.jpg,3
gpu_129.jpg,3
gpu_13.jpg,3
gpu_130.jpg,3
gpu_131.jpg,3
gpu_132.jpg,3
gpu_133.jpg,3
gpu_134.jpg,3
gpu_135.jpg,3
gpu_136.jpg,3
gpu_137.jpg,3
gpu_138.jpg,3
gpu_139.jpg,3
gpu_14.jpg,3
gpu_140.jpg,3
gpu_141.jpg,3
gpu_142.jpg,3
gpu_143.jpg,3
gpu_144.jpg,3
gpu_145.jpg,3
gpu_146.jpg,3
gpu_147.jpg,3
gpu_148.jpg,3
gpu_149.jpg,3
gpu_15.jpg,3
gpu_150.jpg,3
gpu_151.jpg,3
gpu_152.jpg,3
gpu_153.jpg,3
gpu_154.jpg,3
gpu_155.jpg,3
gpu_156.jpg,3
gpu_16.jpg,3
gpu_17.jpg,3
gpu_18.jpg,3
gpu_19.jpg,3
gpu_2.jpg,3
gpu_20.jpg,3
gpu_21.jpg,3
gpu_22.jpg,3
gpu_23.jpg,3
gpu_24.jpg,3
gpu_25.jpg,3
gpu_26.jpg,3
gpu_27.jpg,3
gpu_28.jpg,3
gpu_29.jpg,3
gpu_3.jpg,3
gpu_30.jpg,3
gpu_31.jpg,3
gpu_32.jpg,3
gpu_33.jpg,3
gpu_34.jpg,3
gpu_35.jpg,3
gpu_36.jpg,3
gpu_37.jpg,3
gpu_38.jpg,3
gpu_39.jpg,3
gpu_4.jpg,3
gpu_40.jpg,3
gpu_41.jpg,3
gpu_42.jpg,3
gpu_43.jpg,3
gpu_44.jpg,3
gpu_45.jpg,3
gpu_46.jpg,3
gpu_47.jpg,3
gpu_48.jpg,3
gpu_49.jpg,3
gpu_5.jpg,3
gpu_50.jpg,3
gpu_51.jpg,3
gpu_52.jpg,3
gpu_53.jpg,3
gpu_54.jpg,3
gpu_55.jpg,3
gpu_56.jpg,3
gpu_57.jpg,3
gpu_58.jpg,3
gpu_59.jpg,3
gpu_6.jpg,3
gpu_60.jpg,3
gpu_61.jpg,3
gpu_62.jpg,3
gpu_63.jpg,3
gpu_64.jpg,3
gpu_65.jpg,3
gpu_66.jpg,3
gpu_67.jpg,3
gpu_68.jpg,3
gpu_69.jpg,3
gpu_7.jpg,3
gpu_70.jpg,3
gpu_71.jpg,3
gpu_72.jpg,3
gpu_73.jpg,3
gpu_74.jpg,3
gpu_75.jpg,3
gpu_76.jpg,3
gpu_77.jpg,3
gpu_78.jpg,3
gpu_79.jpg,3
gpu_8.jpg,3
gpu_80.jpg,3
gpu_81.jpg,3
gpu_82.jpg,3
gpu_83.jpg,3
gpu_84.jpg,3
gpu_85.jpg,3
gpu_86.jpg,3
gpu_87.jpg,3
gpu_88.jpg,3
gpu_89.jpg,3
gpu_9.jpg,3
gpu_90.jpg,3
gpu_91.jpg,3
gpu_92.jpg,3
gpu_93.jpg,3
gpu_94.jpg,3
gpu_95.jpg,3
gpu_96.jpg,3
gpu_97.jpg,3
gpu_98.jpg,3
gpu_99.jpg,3
hdd_1.jpg,4
hdd_10.jpg,4
hdd_100.jpg,4
hdd_101.jpg,4
hdd_102.jpg,4
hdd_103.jpg,4
hdd_104.jpg,4
hdd_105.jpg,4
hdd_106.jpg,4
hdd_107.jpg,4
hdd_108.jpg,4
hdd_109.jpg,4
hdd_11.jpg,4
hdd_110.jpg,4
hdd_111.jpg,4
hdd_112.jpg,4
hdd_113.jpg,4
hdd_114.jpg,4
hdd_115.jpg,4
hdd_116.jpg,4
hdd_117.jpg,4
hdd_118.jpg,4
hdd_119.jpg,4
hdd_12.jpg,4
hdd_120.jpg,4
hdd_121.jpg,4
hdd_122.jpg,4
hdd_123.jpg,4
hdd_124.jpg,4
hdd_125.jpg,4
hdd_126.jpg,4
hdd_127.jpg,4
hdd_128.jpg,4
hdd_129.jpg,4
hdd_13.jpg,4
hdd_130.jpg,4
hdd_131.jpg,4
hdd_132.jpg,4
hdd_133.jpg,4
hdd_134.jpg,4
hdd_135.jpg,4
hdd_136.jpg,4
hdd_137.jpg,4
hdd_138.jpg,4
hdd_139.jpg,4
hdd_14.jpg,4
hdd_140.jpg,4
hdd_141.jpg,4
hdd_142.jpg,4
hdd_143.jpg,4
hdd_144.jpg,4
hdd_145.jpg,4
hdd_146.jpg,4
hdd_147.jpg,4
hdd_148.jpg,4
hdd_149.jpg,4
hdd_15.jpg,4
hdd_150.jpg,4
hdd_151.jpg,4
hdd_152.jpg,4
hdd_153.jpg,4
hdd_154.jpg,4
hdd_155.jpg,4
hdd_156.jpg,4
hdd_157.jpg,4
hdd_158.jpg,4
hdd_159.jpg,4
hdd_16.jpg,4
hdd_160.jpg,4
hdd_161.jpg,4
hdd_162.jpg,4
hdd_163.jpg,4
hdd_164.jpg,4
hdd_165.jpg,4
hdd_166.jpg,4
hdd_167.jpg,4
hdd_168.jpg,4
hdd_169.jpg,4
hdd_17.jpg,4
hdd_170.jpg,4
hdd_171.jpg,4
hdd_172.jpg,4
hdd_173.jpg,4
hdd_174.jpg,4
hdd_175.jpg,4
hdd_176.jpg,4
hdd_177.jpg,4
hdd_178.jpg,4
hdd_179.jpg,4
hdd_18.jpg,4
hdd_180.jpg,4
hdd_181.jpg,4
hdd_182.jpg,4
hdd_183.jpg,4
hdd_184.jpg,4
hdd_185.jpg,4
hdd_186.jpg,4
hdd_187.jpg,4
hdd_188.jpg,4
hdd_189.jpg,4
hdd_19.jpg,4
hdd_190.jpg,4
hdd_191.jpg,4
hdd_192.jpg,4
hdd_193.jpg,4
hdd_194.jpg,4
hdd_195.jpg,4
hdd_196.jpg,4
hdd_197.jpg,4
hdd_198.jpg,4
hdd_199.jpg,4
hdd_2.jpg,4
hdd_20.jpg,4
hdd_200.jpg,4
hdd_201.jpg,4
hdd_202.jpg,4
hdd_203.jpg,4
hdd_204.jpg,4
hdd_205.jpg,4
hdd_206.jpg,4
hdd_207.jpg,4
hdd_208.jpg,4
hdd_209.jpg,4
hdd_21.jpg,4
hdd_210.jpg,4
hdd_211.jpg,4
hdd_212.jpg,4
hdd_213.jpg,4
hdd_214.jpg,4
hdd_215.jpg,4
hdd_216.jpg,4
hdd_217.jpg,4
hdd_218.jpg,4
hdd_219.jpg,4
hdd_22.jpg,4
hdd_220.jpg,4
hdd_221.jpg,4
hdd_222.jpg,4
hdd_223.jpg,4
hdd_224.jpg,4
hdd_225.jpg,4
hdd_226.jpg,4
hdd_227.jpg,4
hdd_228.jpg,4
hdd_229.jpg,4
hdd_23.jpg,4
hdd_230.jpg,4
hdd_231.jpg,4
hdd_232.jpg,4
hdd_233.jpg,4
hdd_234.jpg,4
hdd_235.jpg,4
hdd_236.jpg,4
hdd_237.jpg,4
hdd_238.jpg,4
hdd_239.jpg,4
hdd_24.jpg,4
hdd_240.jpg,4
hdd_241.jpg,4
hdd_242.jpg,4
hdd_243.jpg,4
hdd_244.jpg,4
hdd_245.jpg,4
hdd_246.jpg,4
hdd_247.jpg,4
hdd_248.jpg,4
hdd_249.jpg,4
hdd_25.jpg,4
hdd_250.jpg,4
hdd_251.jpg,4
hdd_252.jpg,4
hdd_253.jpg,4
hdd_254.jpg,4
hdd_255.jpg,4
hdd_256.jpg,4
hdd_257.jpg,4
hdd_258.jpg,4
hdd_259.jpg,4
hdd_26.jpg,4
hdd_260.jpg,4
hdd_261.jpg,4
hdd_262.jpg,4
hdd_27.jpg,4
hdd_28.jpg,4
hdd_29.jpg,4
hdd_3.jpg,4
hdd_30.jpg,4
hdd_31.jpg,4
hdd_32.jpg,4
hdd_33.jpg,4
hdd_34.jpg,4
hdd_35.jpg,4
hdd_36.jpg,4
hdd_37.jpg,4
hdd_38.jpg,4
hdd_39.jpg,4
hdd_4.jpg,4
hdd_40.jpg,4
hdd_41.jpg,4
hdd_42.jpg,4
hdd_43.jpg,4
hdd_44.jpg,4
hdd_45.jpg,4
hdd_46.jpg,4
hdd_47.jpg,4
hdd_48.jpg,4
hdd_49.jpg,4
hdd_5.jpg,4
hdd_50.jpg,4
hdd_51.jpg,4
hdd_52.jpg,4
hdd_53.jpg,4
hdd_54.jpg,4
hdd_55.jpg,4
hdd_56.jpg,4
hdd_57.jpg,4
hdd_58.jpg,4
hdd_59.jpg,4
hdd_6.jpg,4
hdd_60.jpg,4
hdd_61.jpg,4
hdd_62.jpg,4
hdd_63.jpg,4
hdd_64.jpg,4
hdd_65.jpg,4
hdd_66.jpg,4
hdd_67.jpg,4
hdd_68.jpg,4
hdd_69.jpg,4
hdd_7.jpg,4
hdd_70.jpg,4
hdd_71.jpg,4
hdd_72.jpg,4
hdd_73.jpg,4
hdd_74.jpg,4
hdd_75.jpg,4
hdd_76.jpg,4
hdd_77.jpg,4
hdd_78.jpg,4
hdd_79.jpg,4
hdd_8.jpg,4
hdd_80.jpg,4
hdd_81.jpg,4
hdd_82.jpg,4
hdd_83.jpg,4
hdd_84.jpg,4
hdd_85.jpg,4
hdd_86.jpg,4
hdd_87.jpg,4
hdd_88.jpg,4
hdd_89.jpg,4
hdd_9.jpg,4
hdd_90.jpg,4
hdd_91.jpg,4
hdd_92.jpg,4
hdd_93.jpg,4
hdd_94.jpg,4
hdd_95.jpg,4
hdd_96.jpg,4
hdd_97.jpg,4
hdd_98.jpg,4
hdd_99.jpg,4
headset_1.jpg,5
headset_10.jpg,5
headset_100.jpg,5
headset_101.jpg,5
headset_102.jpg,5
headset_103.jpg,5
headset_104.jpg,5
headset_105.jpg,5
headset_106.jpg,5
headset_107.jpg,5
headset_108.jpg,5
headset_109.jpg,5
headset_11.jpg,5
headset_110.jpg,5
headset_111.jpg,5
headset_112.jpg,5
headset_113.jpg,5
headset_114.jpg,5
headset_115.jpg,5
headset_116.jpg,5
headset_117.jpg,5
headset_118.jpg,5
headset_119.jpg,5
headset_12.jpg,5
headset_120.jpg,5
headset_121.jpg,5
headset_122.jpg,5
headset_123.jpg,5
headset_124.jpg,5
headset_125.jpg,5
headset_126.jpg,5
headset_127.jpg,5
headset_128.jpg,5
headset_129.jpg,5
headset_13.jpg,5
headset_130.jpg,5
headset_131.jpg,5
headset_132.jpg,5
headset_133.jpg,5
headset_134.jpg,5
headset_135.jpg,5
headset_136.jpg,5
headset_137.jpg,5
headset_138.jpg,5
headset_139.jpg,5
headset_14.jpg,5
headset_140.jpg,5
headset_141.jpg,5
headset_142.jpg,5
headset_143.jpg,5
headset_144.jpg,5
headset_145.jpg,5
headset_146.jpg,5
headset_147.jpg,5
headset_148.jpg,5
headset_149.jpg,5
headset_15.jpg,5
headset_150.jpg,5
headset_151.jpg,5
headset_152.jpg,5
headset_153.jpg,5
headset_154.jpg,5
headset_155.jpg,5
headset_156.jpg,5
headset_157.jpg,5
headset_158.jpg,5
headset_159.jpg,5
headset_16.jpg,5
headset_160.jpg,5
headset_161.jpg,5
headset_162.jpg,5
headset_163.jpg,5
headset_164.jpg,5
headset_165.jpg,5
headset_166.jpg,5
headset_167.jpg,5
headset_168.jpg,5
headset_169.jpg,5
headset_17.jpg,5
headset_170.jpg,5
headset_171.jpg,5
headset_172.jpg,5
headset_173.jpg,5
headset_174.jpg,5
headset_175.jpg,5
headset_176.jpg,5
headset_177.jpg,5
headset_178.jpg,5
headset_179.jpg,5
headset_18.jpg,5
headset_180.jpg,5
headset_181.jpg,5
headset_182.jpg,5
headset_183.jpg,5
headset_184.jpg,5
headset_185.jpg,5
headset_186.jpg,5
headset_187.jpg,5
headset_188.jpg,5
headset_189.jpg,5
headset_19.jpg,5
headset_190.jpg,5
headset_191.jpg,5
headset_192.jpg,5
headset_193.jpg,5
headset_194.jpg,5
headset_195.jpg,5
headset_196.jpg,5
headset_197.jpg,5
headset_198.jpg,5
headset_199.jpg,5
headset_2.jpg,5
headset_20.jpg,5
headset_200.jpg,5
headset_201.jpg,5
headset_202.jpg,5
headset_203.jpg,5
headset_204.jpg,5
headset_205.jpg,5
headset_206.jpg,5
headset_207.jpg,5
headset_208.jpg,5
headset_209.jpg,5
headset_21.jpg,5
headset_210.jpg,5
headset_211.jpg,5
headset_212.jpg,5
headset_213.jpg,5
headset_214.jpg,5
headset_215.jpg,5
headset_216.jpg,5
headset_217.jpg,5
headset_218.jpg,5
headset_219.jpg,5
headset_22.jpg,5
headset_220.jpg,5
headset_221.jpg,5
headset_222.jpg,5
headset_223.jpg,5
headset_224.jpg,5
headset_225.jpg,5
headset_226.jpg,5
headset_227.jpg,5
headset_228.jpg,5
headset_229.jpg,5
headset_23.jpg,5
headset_230.jpg,5
headset_231.jpg,5
headset_232.jpg,5
headset_233.jpg,5
headset_234.jpg,5
headset_235.jpg,5
headset_236.jpg,5
headset_237.jpg,5
headset_238.jpg,5
headset_239.jpg,5
headset_24.jpg,5
headset_240.jpg,5
headset_241.jpg,5
headset_242.jpg,5
headset_243.jpg,5
headset_244.jpg,5
headset_245.jpg,5
headset_246.jpg,5
headset_247.jpg,5
headset_248.jpg,5
headset_249.jpg,5
headset_25.jpg,5
headset_250.jpg,5
headset_251.jpg,5
headset_252.jpg,5
headset_253.jpg,5
headset_254.jpg,5
headset_255.jpg,5
headset_256.jpg,5
headset_257.jpg,5
headset_258.jpg,5
headset_259.jpg,5
headset_26.jpg,5
headset_260.jpg,5
headset_261.jpg,5
headset_262.jpg,5
headset_263.jpg,5
headset_264.jpg,5
headset_27.jpg,5
headset_28.jpg,5
headset_29.jpg,5
headset_3.jpg,5
headset_30.jpg,5
headset_31.jpg,5
headset_32.jpg,5
headset_33.jpg,5
headset_34.jpg,5
headset_35.jpg,5
headset_36.jpg,5
headset_37.jpg,5
headset_38.jpg,5
headset_39.jpg,5
headset_4.jpg,5
headset_40.jpg,5
headset_41.jpg,5
headset_42.jpg,5
headset_43.jpg,5
headset_44.jpg,5
headset_45.jpg,5
headset_46.jpg,5
headset_47.jpg,5
headset_48.jpg,5
headset_49.jpg,5
headset_5.jpg,5
headset_50.jpg,5
headset_51.jpg,5
headset_52.jpg,5
headset_53.jpg,5
headset_54.jpg,5
headset_55.jpg,5
headset_56.jpg,5
headset_57.jpg,5
headset_58.jpg,5
headset_59.jpg,5
headset_6.jpg,5
headset_60.jpg,5
headset_61.jpg,5
headset_62.jpg,5
headset_63.jpg,5
headset_64.jpg,5
headset_65.jpg,5
headset_66.jpg,5
headset_67.jpg,5
headset_68.jpg,5
headset_69.jpg,5
headset_7.jpg,5
headset_70.jpg,5
headset_71.jpg,5
headset_72.jpg,5
headset_73.jpg,5
headset_74.jpg,5
headset_75.jpg,5
headset_76.jpg,5
headset_77.jpg,5
headset_78.jpg,5
headset_79.jpg,5
headset_8.jpg,5
headset_80.jpg,5
headset_81.jpg,5
headset_82.jpg,5
headset_83.jpg,5
headset_84.jpg,5
headset_85.jpg,5
headset_86.jpg,5
headset_87.jpg,5
headset_88.jpg,5
headset_89.jpg,5
headset_9.jpg,5
headset_90.jpg,5
headset_91.jpg,5
headset_92.jpg,5
headset_93.jpg,5
headset_94.jpg,5
headset_95.jpg,5
headset_96.jpg,5
headset_97.jpg,5
headset_98.jpg,5
headset_99.jpg,5
keyboard_1.jpg,6
keyboard_10.jpg,6
keyboard_100.jpg,6
keyboard_101.jpg,6
keyboard_102.jpg,6
keyboard_103.jpg,6
keyboard_104.jpg,6
keyboard_105.jpg,6
keyboard_106.jpg,6
keyboard_107.jpg,6
keyboard_108.jpg,6
keyboard_109.jpg,6
keyboard_11.jpg,6
keyboard_110.jpg,6
keyboard_111.jpg,6
keyboard_112.jpg,6
keyboard_113.jpg,6
keyboard_114.jpg,6
keyboard_115.jpg,6
keyboard_116.jpg,6
keyboard_117.jpg,6
keyboard_118.jpg,6
keyboard_119.jpg,6
keyboard_12.jpg,6
keyboard_120.jpg,6
keyboard_121.jpg,6
keyboard_122.jpg,6
keyboard_123.jpg,6
keyboard_124.jpg,6
keyboard_125.jpg,6
keyboard_126.jpg,6
keyboard_127.jpg,6
keyboard_128.jpg,6
keyboard_129.jpg,6
keyboard_13.jpg,6
keyboard_130.jpg,6
keyboard_131.jpg,6
keyboard_132.jpg,6
keyboard_133.jpg,6
keyboard_134.jpg,6
keyboard_135.jpg,6
keyboard_136.jpg,6
keyboard_137.jpg,6
keyboard_138.jpg,6
keyboard_139.jpg,6
keyboard_14.jpg,6
keyboard_140.jpg,6
keyboard_141.jpg,6
keyboard_142.jpg,6
keyboard_143.jpg,6
keyboard_144.jpg,6
keyboard_145.jpg,6
keyboard_146.jpg,6
keyboard_147.jpg,6
keyboard_148.jpg,6
keyboard_149.jpg,6
keyboard_15.jpg,6
keyboard_150.jpg,6
keyboard_151.jpg,6
keyboard_152.jpg,6
keyboard_153.jpg,6
keyboard_154.jpg,6
keyboard_155.jpg,6
keyboard_156.jpg,6
keyboard_157.jpg,6
keyboard_158.jpg,6
keyboard_159.jpg,6
keyboard_16.jpg,6
keyboard_160.jpg,6
keyboard_161.jpg,6
keyboard_162.jpg,6
keyboard_163.jpg,6
keyboard_164.jpg,6
keyboard_165.jpg,6
keyboard_166.jpg,6
keyboard_167.jpg,6
keyboard_168.jpg,6
keyboard_169.jpg,6
keyboard_17.jpg,6
keyboard_170.jpg,6
keyboard_171.jpg,6
keyboard_172.jpg,6
keyboard_173.jpg,6
keyboard_174.jpg,6
keyboard_175.jpg,6
keyboard_176.jpg,6
keyboard_177.jpg,6
keyboard_178.jpg,6
keyboard_179.jpg,6
keyboard_18.jpg,6
keyboard_180.jpg,6
keyboard_181.jpg,6
keyboard_182.jpg,6
keyboard_183.jpg,6
keyboard_184.jpg,6
keyboard_185.jpg,6
keyboard_186.jpg,6
keyboard_187.jpg,6
keyboard_188.jpg,6
keyboard_189.jpg,6
keyboard_19.jpg,6
keyboard_190.jpg,6
keyboard_191.jpg,6
keyboard_192.jpg,6
keyboard_193.jpg,6
keyboard_194.jpg,6
keyboard_195.jpg,6
keyboard_196.jpg,6
keyboard_197.jpg,6
keyboard_198.jpg,6
keyboard_199.jpg,6
keyboard_2.jpg,6
keyboard_20.jpg,6
keyboard_200.jpg,6
keyboard_201.jpg,6
keyboard_202.jpg,6
keyboard_203.jpg,6
keyboard_204.jpg,6
keyboard_205.jpg,6
keyboard_206.jpg,6
keyboard_207.jpg,6
keyboard_208.jpg,6
keyboard_209.jpg,6
keyboard_21.jpg,6
keyboard_210.jpg,6
keyboard_211.jpg,6
keyboard_212.jpg,6
keyboard_213.jpg,6
keyboard_214.jpg,6
keyboard_215.jpg,6
keyboard_216.jpg,6
keyboard_217.jpg,6
keyboard_218.jpg,6
keyboard_219.jpg,6
keyboard_22.jpg,6
keyboard_220.jpg,6
keyboard_221.jpg,6
keyboard_222.jpg,6
keyboard_223.jpg,6
keyboard_224.jpg,6
keyboard_225.jpg,6
keyboard_226.jpg,6
keyboard_227.jpg,6
keyboard_228.jpg,6
keyboard_229.jpg,6
keyboard_23.jpg,6
keyboard_230.jpg,6
keyboard_231.jpg,6
keyboard_232.jpg,6
keyboard_233.jpg,6
keyboard_234.jpg,6
keyboard_235.jpg,6
keyboard_236.jpg,6
keyboard_237.jpg,6
keyboard_238.jpg,6
keyboard_239.jpg,6
keyboard_24.jpg,6
keyboard_240.jpg,6
keyboard_241.jpg,6
keyboard_242.jpg,6
keyboard_243.jpg,6
keyboard_244.jpg,6
keyboard_245.jpg,6
keyboard_246.jpg,6
keyboard_247.jpg,6
keyboard_248.jpg,6
keyboard_249.jpg,6
keyboard_25.jpg,6
keyboard_250.jpg,6
keyboard_251.jpg,6
keyboard_252.jpg,6
keyboard_253.jpg,6
keyboard_254.jpg,6
keyboard_255.jpg,6
keyboard_256.jpg,6
keyboard_257.jpg,6
keyboard_258.jpg,6
keyboard_259.jpg,6
keyboard_26.jpg,6
keyboard_260.jpg,6
keyboard_261.jpg,6
keyboard_262.jpg,6
keyboard_263.jpg,6
keyboard_264.jpg,6
keyboard_265.jpg,6
keyboard_266.jpg,6
keyboard_267.jpg,6
keyboard_268.jpg,6
keyboard_27.jpg,6
keyboard_28.jpg,6
keyboard_29.jpg,6
keyboard_3.jpg,6
keyboard_30.jpg,6
keyboard_31.jpg,6
keyboard_32.jpg,6
keyboard_33.jpg,6
keyboard_34.jpg,6
keyboard_35.jpg,6
keyboard_36.jpg,6
keyboard_37.jpg,6
keyboard_38.jpg,6
keyboard_39.jpg,6
keyboard_4.jpg,6
keyboard_40.jpg,6
keyboard_41.jpg,6
keyboard_42.jpg,6
keyboard_43.jpg,6
keyboard_44.jpg,6
keyboard_45.jpg,6
keyboard_46.jpg,6
keyboard_47.jpg,6
keyboard_48.jpg,6
keyboard_49.jpg,6
keyboard_5.jpg,6
keyboard_50.jpg,6
keyboard_51.jpg,6
keyboard_52.jpg,6
keyboard_53.jpg,6
keyboard_54.jpg,6
keyboard_55.jpg,6
keyboard_56.jpg,6
keyboard_57.jpg,6
keyboard_58.jpg,6
keyboard_59.jpg,6
keyboard_6.jpg,6
keyboard_60.jpg,6
keyboard_61.jpg,6
keyboard_62.jpg,6
keyboard_63.jpg,6
keyboard_64.jpg,6
keyboard_65.jpg,6
keyboard_66.jpg,6
keyboard_67.jpg,6
keyboard_68.jpg,6
keyboard_69.jpg,6
keyboard_7.jpg,6
keyboard_70.jpg,6
keyboard_71.jpg,6
keyboard_72.jpg,6
keyboard_73.jpg,6
keyboard_74.jpg,6
keyboard_75.jpg,6
keyboard_76.jpg,6
keyboard_77.jpg,6
keyboard_78.jpg,6
keyboard_79.jpg,6
keyboard_8.jpg,6
keyboard_80.jpg,6
keyboard_81.jpg,6
keyboard_82.jpg,6
keyboard_83.jpg,6
keyboard_84.jpg,6
keyboard_85.jpg,6
keyboard_86.jpg,6
keyboard_87.jpg,6
keyboard_88.jpg,6
keyboard_89.jpg,6
keyboard_9.jpg,6
keyboard_90.jpg,6
keyboard_91.jpg,6
keyboard_92.jpg,6
keyboard_93.jpg,6
keyboard_94.jpg,6
keyboard_95.jpg,6
keyboard_96.jpg,6
keyboard_97.jpg,6
keyboard_98.jpg,6
keyboard_99.jpg,6
microphone_1.jpg,7
microphone_10.jpg,7
microphone_100.jpg,7
microphone_101.jpg,7
microphone_102.jpg,7
microphone_103.jpg,7
microphone_104.jpg,7
microphone_105.jpg,7
microphone_106.jpg,7
microphone_107.jpg,7
microphone_108.jpg,7
microphone_109.jpg,7
microphone_11.jpg,7
microphone_110.jpg,7
microphone_111.jpg,7
microphone_112.jpg,7
microphone_113.jpg,7
microphone_114.jpg,7
microphone_115.jpg,7
microphone_116.jpg,7
microphone_117.jpg,7
microphone_118.jpg,7
microphone_119.jpg,7
microphone_12.jpg,7
microphone_120.jpg,7
microphone_121.jpg,7
microphone_122.jpg,7
microphone_123.jpg,7
microphone_124.jpg,7
microphone_125.jpg,7
microphone_126.jpg,7
microphone_127.jpg,7
microphone_128.jpg,7
microphone_129.jpg,7
microphone_13.jpg,7
microphone_130.jpg,7
microphone_131.jpg,7
microphone_132.jpg,7
microphone_133.jpg,7
microphone_134.jpg,7
microphone_135.jpg,7
microphone_136.jpg,7
microphone_137.jpg,7
microphone_138.jpg,7
microphone_139.jpg,7
microphone_14.jpg,7
microphone_140.jpg,7
microphone_141.jpg,7
microphone_142.jpg,7
microphone_143.jpg,7
microphone_144.jpg,7
microphone_145.jpg,7
microphone_146.jpg,7
microphone_147.jpg,7
microphone_148.jpg,7
microphone_149.jpg,7
microphone_15.jpg,7
microphone_150.jpg,7
microphone_151.jpg,7
microphone_152.jpg,7
microphone_153.jpg,7
microphone_154.jpg,7
microphone_155.jpg,7
microphone_156.jpg,7
microphone_157.jpg,7
microphone_158.jpg,7
microphone_159.jpg,7
microphone_16.jpg,7
microphone_160.jpg,7
microphone_161.jpg,7
microphone_162.jpg,7
microphone_163.jpg,7
microphone_164.jpg,7
microphone_165.jpg,7
microphone_166.jpg,7
microphone_167.jpg,7
microphone_168.jpg,7
microphone_169.jpg,7
microphone_17.jpg,7
microphone_170.jpg,7
microphone_171.jpg,7
microphone_172.jpg,7
microphone_173.jpg,7
microphone_174.jpg,7
microphone_175.jpg,7
microphone_176.jpg,7
microphone_177.jpg,7
microphone_178.jpg,7
microphone_179.jpg,7
microphone_18.jpg,7
microphone_180.jpg,7
microphone_181.jpg,7
microphone_182.jpg,7
microphone_183.jpg,7
microphone_184.jpg,7
microphone_185.jpg,7
microphone_186.jpg,7
microphone_187.jpg,7
microphone_188.jpg,7
microphone_189.jpg,7
microphone_19.jpg,7
microphone_190.jpg,7
microphone_191.jpg,7
microphone_192.jpg,7
microphone_193.jpg,7
microphone_194.jpg,7
microphone_195.jpg,7
microphone_196.jpg,7
microphone_197.jpg,7
microphone_198.jpg,7
microphone_199.jpg,7
microphone_2.jpg,7
microphone_20.jpg,7
microphone_200.jpg,7
microphone_201.jpg,7
microphone_202.jpg,7
microphone_203.jpg,7
microphone_204.jpg,7
microphone_205.jpg,7
microphone_206.jpg,7
microphone_207.jpg,7
microphone_208.jpg,7
microphone_209.jpg,7
microphone_21.jpg,7
microphone_210.jpg,7
microphone_211.jpg,7
microphone_212.jpg,7
microphone_213.jpg,7
microphone_214.jpg,7
microphone_22.jpg,7
microphone_23.jpg,7
microphone_24.jpg,7
microphone_25.jpg,7
microphone_26.jpg,7
microphone_27.jpg,7
microphone_28.jpg,7
microphone_29.jpg,7
microphone_3.jpg,7
microphone_30.jpg,7
microphone_31.jpg,7
microphone_32.jpg,7
microphone_33.jpg,7
microphone_34.jpg,7
microphone_35.jpg,7
microphone_36.jpg,7
microphone_37.jpg,7
microphone_38.jpg,7
microphone_39.jpg,7
microphone_4.jpg,7
microphone_40.jpg,7
microphone_41.jpg,7
microphone_42.jpg,7
microphone_43.jpg,7
microphone_44.jpg,7
microphone_45.jpg,7
microphone_46.jpg,7
microphone_47.jpg,7
microphone_48.jpg,7
microphone_49.jpg,7
microphone_5.jpg,7
microphone_50.jpg,7
microphone_51.jpg,7
microphone_52.jpg,7
microphone_53.jpg,7
microphone_54.jpg,7
microphone_55.jpg,7
microphone_56.jpg,7
microphone_57.jpg,7
microphone_58.jpg,7
microphone_59.jpg,7
microphone_6.jpg,7
microphone_60.jpg,7
microphone_61.jpg,7
microphone_62.jpg,7
microphone_63.jpg,7
microphone_64.jpg,7
microphone_65.jpg,7
microphone_66.jpg,7
microphone_67.jpg,7
microphone_68.jpg,7
microphone_69.jpg,7
microphone_7.jpg,7
microphone_70.jpg,7
microphone_71.jpg,7
microphone_72.jpg,7
microphone_73.jpg,7
microphone_74.jpg,7
microphone_75.jpg,7
microphone_76.jpg,7
microphone_77.jpg,7
microphone_78.jpg,7
microphone_79.jpg,7
microphone_8.jpg,7
microphone_80.jpg,7
microphone_81.jpg,7
microphone_82.jpg,7
microphone_83.jpg,7
microphone_84.jpg,7
microphone_85.jpg,7
microphone_86.jpg,7
microphone_87.jpg,7
microphone_88.jpg,7
microphone_89.jpg,7
microphone_9.jpg,7
microphone_90.jpg,7
microphone_91.jpg,7
microphone_92.jpg,7
microphone_93.jpg,7
microphone_94.jpg,7
microphone_95.jpg,7
microphone_96.jpg,7
microphone_97.jpg,7
microphone_98.jpg,7
microphone_99.jpg,7
monitor_1.jpg,8
monitor_10.jpg,8
monitor_100.jpg,8
monitor_101.jpg,8
monitor_102.jpg,8
monitor_103.jpg,8
monitor_104.jpg,8
monitor_105.jpg,8
monitor_106.jpg,8
monitor_107.jpg,8
monitor_108.jpg,8
monitor_109.jpg,8
monitor_11.jpg,8
monitor_110.jpg,8
monitor_111.jpg,8
monitor_112.jpg,8
monitor_113.jpg,8
monitor_114.jpg,8
monitor_115.jpg,8
monitor_116.jpg,8
monitor_117.jpg,8
monitor_118.jpg,8
monitor_119.jpg,8
monitor_12.jpg,8
monitor_120.jpg,8
monitor_121.jpg,8
monitor_122.jpg,8
monitor_123.jpg,8
monitor_124.jpg,8
monitor_125.jpg,8
monitor_126.jpg,8
monitor_127.jpg,8
monitor_128.jpg,8
monitor_129.jpg,8
monitor_13.jpg,8
monitor_130.jpg,8
monitor_131.jpg,8
monitor_132.jpg,8
monitor_133.jpg,8
monitor_134.jpg,8
monitor_135.jpg,8
monitor_136.jpg,8
monitor_137.jpg,8
monitor_138.jpg,8
monitor_139.jpg,8
monitor_14.jpg,8
monitor_140.jpg,8
monitor_141.jpg,8
monitor_142.jpg,8
monitor_143.jpg,8
monitor_144.jpg,8
monitor_145.jpg,8
monitor_146.jpg,8
monitor_147.jpg,8
monitor_148.jpg,8
monitor_149.jpg,8
monitor_15.jpg,8
monitor_150.jpg,8
monitor_151.jpg,8
monitor_152.jpg,8
monitor_153.jpg,8
monitor_154.jpg,8
monitor_155.jpg,8
monitor_156.jpg,8
monitor_157.jpg,8
monitor_158.jpg,8
monitor_159.jpg,8
monitor_16.jpg,8
monitor_160.jpg,8
monitor_161.jpg,8
monitor_162.jpg,8
monitor_163.jpg,8
monitor_164.jpg,8
monitor_165.jpg,8
monitor_166.jpg,8
monitor_167.jpg,8
monitor_168.jpg,8
monitor_169.jpg,8
monitor_17.jpg,8
monitor_170.jpg,8
monitor_171.jpg,8
monitor_172.jpg,8
monitor_173.jpg,8
monitor_174.jpg,8
monitor_175.jpg,8
monitor_176.jpg,8
monitor_177.jpg,8
monitor_178.jpg,8
monitor_179.jpg,8
monitor_18.jpg,8
monitor_180.jpg,8
monitor_181.jpg,8
monitor_182.jpg,8
monitor_183.jpg,8
monitor_184.jpg,8
monitor_185.jpg,8
monitor_186.jpg,8
monitor_187.jpg,8
monitor_188.jpg,8
monitor_189.jpg,8
monitor_19.jpg,8
monitor_190.jpg,8
monitor_191.jpg,8
monitor_192.jpg,8
monitor_193.jpg,8
monitor_194.jpg,8
monitor_195.jpg,8
monitor_196.jpg,8
monitor_197.jpg,8
monitor_198.jpg,8
monitor_199.jpg,8
monitor_2.jpg,8
monitor_20.jpg,8
monitor_200.jpg,8
monitor_201.jpg,8
monitor_202.jpg,8
monitor_203.jpg,8
monitor_204.jpg,8
monitor_205.jpg,8
monitor_206.jpg,8
monitor_207.jpg,8
monitor_208.jpg,8
monitor_209.jpg,8
monitor_21.jpg,8
monitor_210.jpg,8
monitor_211.jpg,8
monitor_212.jpg,8
monitor_213.jpg,8
monitor_214.jpg,8
monitor_215.jpg,8
monitor_216.jpg,8
monitor_217.jpg,8
monitor_218.jpg,8
monitor_219.jpg,8
monitor_22.jpg,8
monitor_220.jpg,8
monitor_221.jpg,8
monitor_222.jpg,8
monitor_223.jpg,8
monitor_224.jpg,8
monitor_225.jpg,8
monitor_226.jpg,8
monitor_227.jpg,8
monitor_228.jpg,8
monitor_229.jpg,8
monitor_23.jpg,8
monitor_230.jpg,8
monitor_231.jpg,8
monitor_232.jpg,8
monitor_233.jpg,8
monitor_234.jpg,8
monitor_235.jpg,8
monitor_236.jpg,8
monitor_237.jpg,8
monitor_238.jpg,8
monitor_239.jpg,8
monitor_24.jpg,8
monitor_240.jpg,8
monitor_241.jpg,8
monitor_242.jpg,8
monitor_243.jpg,8
monitor_244.jpg,8
monitor_245.jpg,8
monitor_246.jpg,8
monitor_247.jpg,8
monitor_248.jpg,8
monitor_249.jpg,8
monitor_25.jpg,8
monitor_250.jpg,8
monitor_251.jpg,8
monitor_252.jpg,8
monitor_253.jpg,8
monitor_254.jpg,8
monitor_255.jpg,8
monitor_256.jpg,8
monitor_26.jpg,8
monitor_27.jpg,8
monitor_28.jpg,8
monitor_29.jpg,8
monitor_3.jpg,8
monitor_30.jpg,8
monitor_31.jpg,8
monitor_32.jpg,8
monitor_33.jpg,8
monitor_34.jpg,8
monitor_35.jpg,8
monitor_36.jpg,8
monitor_37.jpg,8
monitor_38.jpg,8
monitor_39.jpg,8
monitor_4.jpg,8
monitor_40.jpg,8
monitor_41.jpg,8
monitor_42.jpg,8
monitor_43.jpg,8
monitor_44.jpg,8
monitor_45.jpg,8
monitor_46.jpg,8
monitor_47.jpg,8
monitor_48.jpg,8
monitor_49.jpg,8
monitor_5.jpg,8
monitor_50.jpg,8
monitor_51.jpg,8
monitor_52.jpg,8
monitor_53.jpg,8
monitor_54.jpg,8
monitor_55.jpg,8
monitor_56.jpg,8
monitor_57.jpg,8
monitor_58.jpg,8
monitor_59.jpg,8
monitor_6.jpg,8
monitor_60.jpg,8
monitor_61.jpg,8
monitor_62.jpg,8
monitor_63.jpg,8
monitor_64.jpg,8
monitor_65.jpg,8
monitor_66.jpg,8
monitor_67.jpg,8
monitor_68.jpg,8
monitor_69.jpg,8
monitor_7.jpg,8
monitor_70.jpg,8
monitor_71.jpg,8
monitor_72.jpg,8
monitor_73.jpg,8
monitor_74.jpg,8
monitor_75.jpg,8
monitor_76.jpg,8
monitor_77.jpg,8
monitor_78.jpg,8
monitor_79.jpg,8
monitor_8.jpg,8
monitor_80.jpg,8
monitor_81.jpg,8
monitor_82.jpg,8
monitor_83.jpg,8
monitor_84.jpg,8
monitor_85.jpg,8
monitor_86.jpg,8
monitor_87.jpg,8
monitor_88.jpg,8
monitor_89.jpg,8
monitor_9.jpg,8
monitor_90.jpg,8
monitor_91.jpg,8
monitor_92.jpg,8
monitor_93.jpg,8
monitor_94.jpg,8
monitor_95.jpg,8
monitor_96.jpg,8
monitor_97.jpg,8
monitor_98.jpg,8
monitor_99.jpg,8
motherboard_1.jpg,9
motherboard_10.jpg,9
motherboard_100.jpg,9
motherboard_101.jpg,9
motherboard_102.jpg,9
motherboard_103.jpg,9
motherboard_104.jpg,9
motherboard_105.jpg,9
motherboard_106.jpg,9
motherboard_107.jpg,9
motherboard_108.jpg,9
motherboard_109.jpg,9
motherboard_11.jpg,9
motherboard_110.jpg,9
motherboard_111.jpg,9
motherboard_112.jpg,9
motherboard_113.jpg,9
motherboard_114.jpg,9
motherboard_115.jpg,9
motherboard_116.jpg,9
motherboard_117.jpg,9
motherboard_118.jpg,9
motherboard_119.jpg,9
motherboard_12.jpg,9
motherboard_120.jpg,9
motherboard_121.jpg,9
motherboard_122.jpg,9
motherboard_123.jpg,9
motherboard_124.jpg,9
motherboard_125.jpg,9
motherboard_126.jpg,9
motherboard_127.jpg,9
motherboard_128.jpg,9
motherboard_129.jpg,9
motherboard_13.jpg,9
motherboard_130.jpg,9
motherboard_131.jpg,9
motherboard_132.jpg,9
motherboard_133.jpg,9
motherboard_134.jpg,9
motherboard_135.jpg,9
motherboard_136.jpg,9
motherboard_137.jpg,9
motherboard_138.jpg,9
motherboard_139.jpg,9
motherboard_14.jpg,9
motherboard_140.jpg,9
motherboard_141.jpg,9
motherboard_142.jpg,9
motherboard_143.jpg,9
motherboard_144.jpg,9
motherboard_145.jpg,9
motherboard_146.jpg,9
motherboard_147.jpg,9
motherboard_148.jpg,9
motherboard_149.jpg,9
motherboard_15.jpg,9
motherboard_150.jpg,9
motherboard_151.jpg,9
motherboard_152.jpg,9
motherboard_153.jpg,9
motherboard_154.jpg,9
motherboard_155.jpg,9
motherboard_156.jpg,9
motherboard_157.jpg,9
motherboard_158.jpg,9
motherboard_159.jpg,9
motherboard_16.jpg,9
motherboard_160.jpg,9
motherboard_161.jpg,9
motherboard_162.jpg,9
motherboard_163.jpg,9
motherboard_164.jpg,9
motherboard_165.jpg,9
motherboard_166.jpg,9
motherboard_167.jpg,9
motherboard_168.jpg,9
motherboard_169.jpg,9
motherboard_17.jpg,9
motherboard_170.jpg,9
motherboard_171.jpg,9
motherboard_172.jpg,9
motherboard_173.jpg,9
motherboard_174.jpg,9
motherboard_175.jpg,9
motherboard_176.jpg,9
motherboard_177.jpg,9
motherboard_178.jpg,9
motherboard_179.jpg,9
motherboard_18.jpg,9
motherboard_180.jpg,9
motherboard_181.jpg,9
motherboard_182.jpg,9
motherboard_183.jpg,9
motherboard_184.jpg,9
motherboard_185.jpg,9
motherboard_186.jpg,9
motherboard_187.jpg,9
motherboard_188.jpg,9
motherboard_189.jpg,9
motherboard_19.jpg,9
motherboard_190.jpg,9
motherboard_191.jpg,9
motherboard_192.jpg,9
motherboard_193.jpg,9
motherboard_194.jpg,9
motherboard_195.jpg,9
motherboard_196.jpg,9
motherboard_197.jpg,9
motherboard_198.jpg,9
motherboard_199.jpg,9
motherboard_2.jpg,9
motherboard_20.jpg,9
motherboard_200.jpg,9
motherboard_201.jpg,9
motherboard_202.jpg,9
motherboard_203.jpg,9
motherboard_204.jpg,9
motherboard_205.jpg,9
motherboard_206.jpg,9
motherboard_207.jpg,9
motherboard_208.jpg,9
motherboard_209.jpg,9
motherboard_21.jpg,9
motherboard_210.jpg,9
motherboard_211.jpg,9
motherboard_212.jpg,9
motherboard_213.jpg,9
motherboard_214.jpg,9
motherboard_215.jpg,9
motherboard_216.jpg,9
motherboard_217.jpg,9
motherboard_218.jpg,9
motherboard_219.jpg,9
motherboard_22.jpg,9
motherboard_220.jpg,9
motherboard_221.jpg,9
motherboard_222.jpg,9
motherboard_223.jpg,9
motherboard_224.jpg,9
motherboard_225.jpg,9
motherboard_226.jpg,9
motherboard_227.jpg,9
motherboard_228.jpg,9
motherboard_229.jpg,9
motherboard_23.jpg,9
motherboard_230.jpg,9
motherboard_231.jpg,9
motherboard_232.jpg,9
motherboard_233.jpg,9
motherboard_234.jpg,9
motherboard_235.jpg,9
motherboard_236.jpg,9
motherboard_237.jpg,9
motherboard_238.jpg,9
motherboard_239.jpg,9
motherboard_24.jpg,9
motherboard_240.jpg,9
motherboard_241.jpg,9
motherboard_25.jpg,9
motherboard_26.jpg,9
motherboard_27.jpg,9
motherboard_28.jpg,9
motherboard_29.jpg,9
motherboard_3.jpg,9
motherboard_30.jpg,9
motherboard_31.jpg,9
motherboard_32.jpg,9
motherboard_33.jpg,9
motherboard_34.jpg,9
motherboard_35.jpg,9
motherboard_36.jpg,9
motherboard_37.jpg,9
motherboard_38.jpg,9
motherboard_39.jpg,9
motherboard_4.jpg,9
motherboard_40.jpg,9
motherboard_41.jpg,9
motherboard_42.jpg,9
motherboard_43.jpg,9
motherboard_44.jpg,9
motherboard_45.jpg,9
motherboard_46.jpg,9
motherboard_47.jpg,9
motherboard_48.jpg,9
motherboard_49.jpg,9
motherboard_5.jpg,9
motherboard_50.jpg,9
motherboard_51.jpg,9
motherboard_52.jpg,9
motherboard_53.jpg,9
motherboard_54.jpg,9
motherboard_55.jpg,9
motherboard_56.jpg,9
motherboard_57.jpg,9
motherboard_58.jpg,9
motherboard_59.jpg,9
motherboard_6.jpg,9
motherboard_60.jpg,9
motherboard_61.jpg,9
motherboard_62.jpg,9
motherboard_63.jpg,9
motherboard_64.jpg,9
motherboard_65.jpg,9
motherboard_66.jpg,9
motherboard_67.jpg,9
motherboard_68.jpg,9
motherboard_69.jpg,9
motherboard_7.jpg,9
motherboard_70.jpg,9
motherboard_71.jpg,9
motherboard_72.jpg,9
motherboard_73.jpg,9
motherboard_74.jpg,9
motherboard_75.jpg,9
motherboard_76.jpg,9
motherboard_77.jpg,9
motherboard_78.jpg,9
motherboard_79.jpg,9
motherboard_8.jpg,9
motherboard_80.jpg,9
motherboard_81.jpg,9
motherboard_82.jpg,9
motherboard_83.jpg,9
motherboard_84.jpg,9
motherboard_85.jpg,9
motherboard_86.jpg,9
motherboard_87.jpg,9
motherboard_88.jpg,9
motherboard_89.jpg,9
motherboard_9.jpg,9
motherboard_90.jpg,9
motherboard_91.jpg,9
motherboard_92.jpg,9
motherboard_93.jpg,9
motherboard_94.jpg,9
motherboard_95.jpg,9
motherboard_96.jpg,9
motherboard_97.jpg,9
motherboard_98.jpg,9
motherboard_99.jpg,9
mouse_1.jpg,10
mouse_10.jpg,10
mouse_100.jpg,10
mouse_101.jpg,10
mouse_102.jpg,10
mouse_103.jpg,10
mouse_104.jpg,10
mouse_105.jpg,10
mouse_106.jpg,10
mouse_107.jpg,10
mouse_108.jpg,10
mouse_109.jpg,10
mouse_11.jpg,10
mouse_110.jpg,10
mouse_111.jpg,10
mouse_112.jpg,10
mouse_113.jpg,10
mouse_114.jpg,10
mouse_115.jpg,10
mouse_116.jpg,10
mouse_117.jpg,10
mouse_118.jpg,10
mouse_119.jpg,10
mouse_12.jpg,10
mouse_120.jpg,10
mouse_121.jpg,10
mouse_122.jpg,10
mouse_123.jpg,10
mouse_124.jpg,10
mouse_125.jpg,10
mouse_126.jpg,10
mouse_127.jpg,10
mouse_128.jpg,10
mouse_129.jpg,10
mouse_13.jpg,10
mouse_130.jpg,10
mouse_131.jpg,10
mouse_132.jpg,10
mouse_133.jpg,10
mouse_134.jpg,10
mouse_135.jpg,10
mouse_136.jpg,10
mouse_137.jpg,10
mouse_138.jpg,10
mouse_139.jpg,10
mouse_14.jpg,10
mouse_140.jpg,10
mouse_141.jpg,10
mouse_142.jpg,10
mouse_143.jpg,10
mouse_144.jpg,10
mouse_145.jpg,10
mouse_146.jpg,10
mouse_147.jpg,10
mouse_148.jpg,10
mouse_149.jpg,10
mouse_15.jpg,10
mouse_150.jpg,10
mouse_151.jpg,10
mouse_152.jpg,10
mouse_153.jpg,10
mouse_154.jpg,10
mouse_155.jpg,10
mouse_156.jpg,10
mouse_157.jpg,10
mouse_158.jpg,10
mouse_159.jpg,10
mouse_16.jpg,10
mouse_160.jpg,10
mouse_161.jpg,10
mouse_162.jpg,10
mouse_163.jpg,10
mouse_164.jpg,10
mouse_165.jpg,10
mouse_166.jpg,10
mouse_167.jpg,10
mouse_168.jpg,10
mouse_169.jpg,10
mouse_17.jpg,10
mouse_170.jpg,10
mouse_171.jpg,10
mouse_172.jpg,10
mouse_173.jpg,10
mouse_174.jpg,10
mouse_175.jpg,10
mouse_176.jpg,10
mouse_177.jpg,10
mouse_178.jpg,10
mouse_179.jpg,10
mouse_18.jpg,10
mouse_180.jpg,10
mouse_181.jpg,10
mouse_182.jpg,10
mouse_183.jpg,10
mouse_184.jpg,10
mouse_185.jpg,10
mouse_186.jpg,10
mouse_187.jpg,10
mouse_188.jpg,10
mouse_189.jpg,10
mouse_19.jpg,10
mouse_190.jpg,10
mouse_191.jpg,10
mouse_192.jpg,10
mouse_193.jpg,10
mouse_194.jpg,10
mouse_195.jpg,10
mouse_196.jpg,10
mouse_197.jpg,10
mouse_198.jpg,10
mouse_199.jpg,10
mouse_2.jpg,10
mouse_20.jpg,10
mouse_200.jpg,10
mouse_201.jpg,10
mouse_202.jpg,10
mouse_203.jpg,10
mouse_204.jpg,10
mouse_205.jpg,10
mouse_206.jpg,10
mouse_207.jpg,10
mouse_208.jpg,10
mouse_209.jpg,10
mouse_21.jpg,10
mouse_210.jpg,10
mouse_22.jpg,10
mouse_23.jpg,10
mouse_24.jpg,10
mouse_25.jpg,10
mouse_26.jpg,10
mouse_27.jpg,10
mouse_28.jpg,10
mouse_29.jpg,10
mouse_3.jpg,10
mouse_30.jpg,10
mouse_31.jpg,10
mouse_32.jpg,10
mouse_33.jpg,10
mouse_34.jpg,10
mouse_35.jpg,10
mouse_36.jpg,10
mouse_37.jpg,10
mouse_38.jpg,10
mouse_39.jpg,10
mouse_4.jpg,10
mouse_40.jpg,10
mouse_41.jpg,10
mouse_42.jpg,10
mouse_43.jpg,10
mouse_44.jpg,10
mouse_45.jpg,10
mouse_46.jpg,10
mouse_47.jpg,10
mouse_48.jpg,10
mouse_49.jpg,10
mouse_5.jpg,10
mouse_50.jpg,10
mouse_51.jpg,10
mouse_52.jpg,10
mouse_53.jpg,10
mouse_54.jpg,10
mouse_55.jpg,10
mouse_56.jpg,10
mouse_57.jpg,10
mouse_58.jpg,10
mouse_59.jpg,10
mouse_6.jpg,10
mouse_60.jpg,10
mouse_61.jpg,10
mouse_62.jpg,10
mouse_63.jpg,10
mouse_64.jpg,10
mouse_65.jpg,10
mouse_66.jpg,10
mouse_67.jpg,10
mouse_68.jpg,10
mouse_69.jpg,10
mouse_7.jpg,10
mouse_70.jpg,10
mouse_71.jpg,10
mouse_72.jpg,10
mouse_73.jpg,10
mouse_74.jpg,10
mouse_75.jpg,10
mouse_76.jpg,10
mouse_77.jpg,10
mouse_78.jpg,10
mouse_79.jpg,10
mouse_8.jpg,10
mouse_80.jpg,10
mouse_81.jpg,10
mouse_82.jpg,10
mouse_83.jpg,10
mouse_84.jpg,10
mouse_85.jpg,10
mouse_86.jpg,10
mouse_87.jpg,10
mouse_88.jpg,10
mouse_89.jpg,10
mouse_9.jpg,10
mouse_90.jpg,10
mouse_91.jpg,10
mouse_92.jpg,10
mouse_93.jpg,10
mouse_94.jpg,10
mouse_95.jpg,10
mouse_96.jpg,10
mouse_97.jpg,10
mouse_98.jpg,10
mouse_99.jpg,10
ram_1.jpg,11
ram_10.jpg,11
ram_100.jpg,11
ram_101.jpg,11
ram_102.jpg,11
ram_103.jpg,11
ram_104.jpg,11
ram_105.jpg,11
ram_106.jpg,11
ram_107.jpg,11
ram_108.jpg,11
ram_109.jpg,11
ram_11.jpg,11
ram_110.jpg,11
ram_111.jpg,11
ram_112.jpg,11
ram_113.jpg,11
ram_114.jpg,11
ram_115.jpg,11
ram_116.jpg,11
ram_117.jpg,11
ram_118.jpg,11
ram_119.jpg,11
ram_12.jpg,11
ram_120.jpg,11
ram_121.jpg,11
ram_122.jpg,11
ram_123.jpg,11
ram_124.jpg,11
ram_125.jpg,11
ram_126.jpg,11
ram_127.jpg,11
ram_128.jpg,11
ram_129.jpg,11
ram_13.jpg,11
ram_130.jpg,11
ram_131.jpg,11
ram_132.jpg,11
ram_133.jpg,11
ram_134.jpg,11
ram_135.jpg,11
ram_136.jpg,11
ram_137.jpg,11
ram_138.jpg,11
ram_139.jpg,11
ram_14.jpg,11
ram_140.jpg,11
ram_141.jpg,11
ram_142.jpg,11
ram_143.jpg,11
ram_144.jpg,11
ram_145.jpg,11
ram_146.jpg,11
ram_147.jpg,11
ram_148.jpg,11
ram_149.jpg,11
ram_15.jpg,11
ram_150.jpg,11
ram_151.jpg,11
ram_152.jpg,11
ram_153.jpg,11
ram_154.jpg,11
ram_155.jpg,11
ram_156.jpg,11
ram_157.jpg,11
ram_158.jpg,11
ram_159.jpg,11
ram_16.jpg,11
ram_160.jpg,11
ram_161.jpg,11
ram_162.jpg,11
ram_163.jpg,11
ram_164.jpg,11
ram_165.jpg,11
ram_166.jpg,11
ram_167.jpg,11
ram_168.jpg,11
ram_169.jpg,11
ram_17.jpg,11
ram_170.jpg,11
ram_171.jpg,11
ram_172.jpg,11
ram_173.jpg,11
ram_174.jpg,11
ram_175.jpg,11
ram_176.jpg,11
ram_177.jpg,11
ram_178.jpg,11
ram_179.jpg,11
ram_18.jpg,11
ram_180.jpg,11
ram_181.jpg,11
ram_182.jpg,11
ram_183.jpg,11
ram_184.jpg,11
ram_185.jpg,11
ram_186.jpg,11
ram_187.jpg,11
ram_188.jpg,11
ram_189.jpg,11
ram_19.jpg,11
ram_190.jpg,11
ram_191.jpg,11
ram_192.jpg,11
ram_193.jpg,11
ram_194.jpg,11
ram_195.jpg,11
ram_196.jpg,11
ram_197.jpg,11
ram_198.jpg,11
ram_199.jpg,11
ram_2.jpg,11
ram_20.jpg,11
ram_200.jpg,11
ram_201.jpg,11
ram_202.jpg,11
ram_203.jpg,11
ram_204.jpg,11
ram_205.jpg,11
ram_206.jpg,11
ram_207.jpg,11
ram_208.jpg,11
ram_209.jpg,11
ram_21.jpg,11
ram_210.jpg,11
ram_211.jpg,11
ram_212.jpg,11
ram_213.jpg,11
ram_214.jpg,11
ram_215.jpg,11
ram_216.jpg,11
ram_217.jpg,11
ram_218.jpg,11
ram_219.jpg,11
ram_22.jpg,11
ram_220.jpg,11
ram_221.jpg,11
ram_222.jpg,11
ram_223.jpg,11
ram_224.jpg,11
ram_225.jpg,11
ram_226.jpg,11
ram_23.jpg,11
ram_24.jpg,11
ram_25.jpg,11
ram_26.jpg,11
ram_27.jpg,11
ram_28.jpg,11
ram_29.jpg,11
ram_3.jpg,11
ram_30.jpg,11
ram_31.jpg,11
ram_32.jpg,11
ram_33.jpg,11
ram_34.jpg,11
ram_35.jpg,11
ram_36.jpg,11
ram_37.jpg,11
ram_38.jpg,11
ram_39.jpg,11
ram_4.jpg,11
ram_40.jpg,11
ram_41.jpg,11
ram_42.jpg,11
ram_43.jpg,11
ram_44.jpg,11
ram_45.jpg,11
ram_46.jpg,11
ram_47.jpg,11
ram_48.jpg,11
ram_49.jpg,11
ram_5.jpg,11
ram_50.jpg,11
ram_51.jpg,11
ram_52.jpg,11
ram_53.jpg,11
ram_54.jpg,11
ram_55.jpg,11
ram_56.jpg,11
ram_57.jpg,11
ram_58.jpg,11
ram_59.jpg,11
ram_6.jpg,11
ram_60.jpg,11
ram_61.jpg,11
ram_62.jpg,11
ram_63.jpg,11
ram_64.jpg,11
ram_65.jpg,11
ram_66.jpg,11
ram_67.jpg,11
ram_68.jpg,11
ram_69.jpg,11
ram_7.jpg,11
ram_70.jpg,11
ram_71.jpg,11
ram_72.jpg,11
ram_73.jpg,11
ram_74.jpg,11
ram_75.jpg,11
ram_76.jpg,11
ram_77.jpg,11
ram_78.jpg,11
ram_79.jpg,11
ram_8.jpg,11
ram_80.jpg,11
ram_81.jpg,11
ram_82.jpg,11
ram_83.jpg,11
ram_84.jpg,11
ram_85.jpg,11
ram_86.jpg,11
ram_87.jpg,11
ram_88.jpg,11
ram_89.jpg,11
ram_9.jpg,11
ram_90.jpg,11
ram_91.jpg,11
ram_92.jpg,11
ram_93.jpg,11
ram_94.jpg,11
ram_95.jpg,11
ram_96.jpg,11
ram_97.jpg,11
ram_98.jpg,11
ram_99.jpg,11
speakers_1.jpg,12
speakers_10.jpg,12
speakers_100.jpg,12
speakers_101.jpg,12
speakers_102.jpg,12
speakers_103.jpg,12
speakers_104.jpg,12
speakers_105.jpg,12
speakers_106.jpg,12
speakers_107.jpg,12
speakers_108.jpg,12
speakers_109.jpg,12
speakers_11.jpg,12
speakers_110.jpg,12
speakers_111.jpg,12
speakers_112.jpg,12
speakers_113.jpg,12
speakers_114.jpg,12
speakers_115.jpg,12
speakers_116.jpg,12
speakers_117.jpg,12
speakers_118.jpg,12
speakers_119.jpg,12
speakers_12.jpg,12
speakers_120.jpg,12
speakers_121.jpg,12
speakers_122.jpg,12
speakers_123.jpg,12
speakers_124.jpg,12
speakers_125.jpg,12
speakers_126.jpg,12
speakers_127.jpg,12
speakers_128.jpg,12
speakers_129.jpg,12
speakers_13.jpg,12
speakers_130.jpg,12
speakers_131.jpg,12
speakers_132.jpg,12
speakers_133.jpg,12
speakers_134.jpg,12
speakers_135.jpg,12
speakers_136.jpg,12
speakers_137.jpg,12
speakers_138.jpg,12
speakers_139.jpg,12
speakers_14.jpg,12
speakers_140.jpg,12
speakers_141.jpg,12
speakers_142.jpg,12
speakers_143.jpg,12
speakers_144.jpg,12
speakers_145.jpg,12
speakers_146.jpg,12
speakers_147.jpg,12
speakers_148.jpg,12
speakers_149.jpg,12
speakers_15.jpg,12
speakers_150.jpg,12
speakers_151.jpg,12
speakers_152.jpg,12
speakers_153.jpg,12
speakers_154.jpg,12
speakers_155.jpg,12
speakers_156.jpg,12
speakers_157.jpg,12
speakers_158.jpg,12
speakers_159.jpg,12
speakers_16.jpg,12
speakers_160.jpg,12
speakers_161.jpg,12
speakers_162.jpg,12
speakers_163.jpg,12
speakers_164.jpg,12
speakers_165.jpg,12
speakers_166.jpg,12
speakers_167.jpg,12
speakers_168.jpg,12
speakers_169.jpg,12
speakers_17.jpg,12
speakers_170.jpg,12
speakers_171.jpg,12
speakers_172.jpg,12
speakers_173.jpg,12
speakers_174.jpg,12
speakers_175.jpg,12
speakers_176.jpg,12
speakers_177.jpg,12
speakers_178.jpg,12
speakers_179.jpg,12
speakers_18.jpg,12
speakers_180.jpg,12
speakers_181.jpg,12
speakers_182.jpg,12
speakers_183.jpg,12
speakers_184.jpg,12
speakers_185.jpg,12
speakers_186.jpg,12
speakers_187.jpg,12
speakers_188.jpg,12
speakers_189.jpg,12
speakers_19.jpg,12
speakers_190.jpg,12
speakers_191.jpg,12
speakers_192.jpg,12
speakers_193.jpg,12
speakers_194.jpg,12
speakers_195.jpg,12
speakers_196.jpg,12
speakers_197.jpg,12
speakers_198.jpg,12
speakers_199.jpg,12
speakers_2.jpg,12
speakers_20.jpg,12
speakers_200.jpg,12
speakers_201.jpg,12
speakers_202.jpg,12
speakers_203.jpg,12
speakers_204.jpg,12
speakers_205.jpg,12
speakers_206.jpg,12
speakers_207.jpg,12
speakers_208.jpg,12
speakers_209.jpg,12
speakers_21.jpg,12
speakers_210.jpg,12
speakers_211.jpg,12
speakers_212.jpg,12
speakers_213.jpg,12
speakers_214.jpg,12
speakers_215.jpg,12
speakers_216.jpg,12
speakers_217.jpg,12
speakers_218.jpg,12
speakers_219.jpg,12
speakers_22.jpg,12
speakers_220.jpg,12
speakers_221.jpg,12
speakers_222.jpg,12
speakers_223.jpg,12
speakers_224.jpg,12
speakers_225.jpg,12
speakers_226.jpg,12
speakers_227.jpg,12
speakers_228.jpg,12
speakers_229.jpg,12
speakers_23.jpg,12
speakers_230.jpg,12
speakers_231.jpg,12
speakers_232.jpg,12
speakers_233.jpg,12
speakers_234.jpg,12
speakers_235.jpg,12
speakers_236.jpg,12
speakers_237.jpg,12
speakers_238.jpg,12
speakers_239.jpg,12
speakers_24.jpg,12
speakers_240.jpg,12
speakers_241.jpg,12
speakers_242.jpg,12
speakers_243.jpg,12
speakers_244.jpg,12
speakers_245.jpg,12
speakers_246.jpg,12
speakers_247.jpg,12
speakers_248.jpg,12
speakers_249.jpg,12
speakers_25.jpg,12
speakers_250.jpg,12
speakers_251.jpg,12
speakers_252.jpg,12
speakers_253.jpg,12
speakers_254.jpg,12
speakers_255.jpg,12
speakers_256.jpg,12
speakers_257.jpg,12
speakers_258.jpg,12
speakers_259.jpg,12
speakers_26.jpg,12
speakers_260.jpg,12
speakers_261.jpg,12
speakers_262.jpg,12
speakers_263.jpg,12
speakers_264.jpg,12
speakers_265.jpg,12
speakers_266.jpg,12
speakers_267.jpg,12
speakers_268.jpg,12
speakers_269.jpg,12
speakers_27.jpg,12
speakers_270.jpg,12
speakers_271.jpg,12
speakers_272.jpg,12
speakers_273.jpg,12
speakers_274.jpg,12
speakers_275.jpg,12
speakers_276.jpg,12
speakers_277.jpg,12
speakers_278.jpg,12
speakers_279.jpg,12
speakers_28.jpg,12
speakers_280.jpg,12
speakers_281.jpg,12
speakers_282.jpg,12
speakers_283.jpg,12
speakers_284.jpg,12
speakers_285.jpg,12
speakers_286.jpg,12
speakers_287.jpg,12
speakers_288.jpg,12
speakers_289.jpg,12
speakers_29.jpg,12
speakers_290.jpg,12
speakers_291.jpg,12
speakers_292.jpg,12
speakers_293.jpg,12
speakers_294.jpg,12
speakers_295.jpg,12
speakers_296.jpg,12
speakers_3.jpg,12
speakers_30.jpg,12
speakers_31.jpg,12
speakers_32.jpg,12
speakers_33.jpg,12
speakers_34.jpg,12
speakers_35.jpg,12
speakers_36.jpg,12
speakers_37.jpg,12
speakers_38.jpg,12
speakers_39.jpg,12
speakers_4.jpg,12
speakers_40.jpg,12
speakers_41.jpg,12
speakers_42.jpg,12
speakers_43.jpg,12
speakers_44.jpg,12
speakers_45.jpg,12
speakers_46.jpg,12
speakers_47.jpg,12
speakers_48.jpg,12
speakers_49.jpg,12
speakers_5.jpg,12
speakers_50.jpg,12
speakers_51.jpg,12
speakers_52.jpg,12
speakers_53.jpg,12
speakers_54.jpg,12
speakers_55.jpg,12
speakers_56.jpg,12
speakers_57.jpg,12
speakers_58.jpg,12
speakers_59.jpg,12
speakers_6.jpg,12
speakers_60.jpg,12
speakers_61.jpg,12
speakers_62.jpg,12
speakers_63.jpg,12
speakers_64.jpg,12
speakers_65.jpg,12
speakers_66.jpg,12
speakers_67.jpg,12
speakers_68.jpg,12
speakers_69.jpg,12
speakers_7.jpg,12
speakers_70.jpg,12
speakers_71.jpg,12
speakers_72.jpg,12
speakers_73.jpg,12
speakers_74.jpg,12
speakers_75.jpg,12
speakers_76.jpg,12
speakers_77.jpg,12
speakers_78.jpg,12
speakers_79.jpg,12
speakers_8.jpg,12
speakers_80.jpg,12
speakers_81.jpg,12
speakers_82.jpg,12
speakers_83.jpg,12
speakers_84.jpg,12
speakers_85.jpg,12
speakers_86.jpg,12
speakers_87.jpg,12
speakers_88.jpg,12
speakers_89.jpg,12
speakers_9.jpg,12
speakers_90.jpg,12
speakers_91.jpg,12
speakers_92.jpg,12
speakers_93.jpg,12
speakers_94.jpg,12
speakers_95.jpg,12
speakers_96.jpg,12
speakers_97.jpg,12
speakers_98.jpg,12
speakers_99.jpg,12
webcam_1.jpg,13
webcam_10.jpg,13
webcam_100.jpg,13
webcam_101.jpg,13
webcam_102.jpg,13
webcam_103.jpg,13
webcam_104.jpg,13
webcam_105.jpg,13
webcam_106.jpg,13
webcam_107.jpg,13
webcam_108.jpg,13
webcam_109.jpg,13
webcam_11.jpg,13
webcam_110.jpg,13
webcam_111.jpg,13
webcam_112.jpg,13
webcam_113.jpg,13
webcam_114.jpg,13
webcam_115.jpg,13
webcam_116.jpg,13
webcam_117.jpg,13
webcam_118.jpg,13
webcam_119.jpg,13
webcam_12.jpg,13
webcam_120.jpg,13
webcam_121.jpg,13
webcam_122.jpg,13
webcam_123.jpg,13
webcam_124.jpg,13
webcam_125.jpg,13
webcam_126.jpg,13
webcam_127.jpg,13
webcam_128.jpg,13
webcam_129.jpg,13
webcam_13.jpg,13
webcam_130.jpg,13
webcam_131.jpg,13
webcam_132.jpg,13
webcam_133.jpg,13
webcam_134.jpg,13
webcam_135.jpg,13
webcam_136.jpg,13
webcam_137.jpg,13
webcam_138.jpg,13
webcam_139.jpg,13
webcam_14.jpg,13
webcam_140.jpg,13
webcam_141.jpg,13
webcam_142.jpg,13
webcam_143.jpg,13
webcam_144.jpg,13
webcam_145.jpg,13
webcam_146.jpg,13
webcam_147.jpg,13
webcam_148.jpg,13
webcam_149.jpg,13
webcam_15.jpg,13
webcam_150.jpg,13
webcam_151.jpg,13
webcam_152.jpg,13
webcam_153.jpg,13
webcam_154.jpg,13
webcam_155.jpg,13
webcam_156.jpg,13
webcam_157.jpg,13
webcam_158.jpg,13
webcam_159.jpg,13
webcam_16.jpg,13
webcam_160.jpg,13
webcam_161.jpg,13
webcam_162.jpg,13
webcam_163.jpg,13
webcam_164.jpg,13
webcam_17.jpg,13
webcam_18.jpg,13
webcam_19.jpg,13
webcam_2.jpg,13
webcam_20.jpg,13
webcam_21.jpg,13
webcam_22.jpg,13
webcam_23.jpg,13
webcam_24.jpg,13
webcam_25.jpg,13
webcam_26.jpg,13
webcam_27.jpg,13
webcam_28.jpg,13
webcam_29.jpg,13
webcam_3.jpg,13
webcam_30.jpg,13
webcam_31.jpg,13
webcam_32.jpg,13
webcam_33.jpg,13
webcam_34.jpg,13
webcam_35.jpg,13
webcam_36.jpg,13
webcam_37.jpg,13
webcam_38.jpg,13
webcam_39.jpg,13
webcam_4.jpg,13
webcam_40.jpg,13
webcam_41.jpg,13
webcam_42.jpg,13
webcam_43.jpg,13
webcam_44.jpg,13
webcam_45.jpg,13
webcam_46.jpg,13
webcam_47.jpg,13
webcam_48.jpg,13
webcam_49.jpg,13
webcam_5.jpg,13
webcam_50.jpg,13
webcam_51.jpg,13
webcam_52.jpg,13
webcam_53.jpg,13
webcam_54.jpg,13
webcam_55.jpg,13
webcam_56.jpg,13
webcam_57.jpg,13
webcam_58.jpg,13
webcam_59.jpg,13
webcam_6.jpg,13
webcam_60.jpg,13
webcam_61.jpg,13
webcam_62.jpg,13
webcam_63.jpg,13
webcam_64.jpg,13
webcam_65.jpg,13
webcam_66.jpg,13
webcam_67.jpg,13
webcam_68.jpg,13
webcam_69.jpg,13
webcam_7.jpg,13
webcam_70.jpg,13
webcam_71.jpg,13
webcam_72.jpg,13
webcam_73.jpg,13
webcam_74.jpg,13
webcam_75.jpg,13
webcam_76.jpg,13
webcam_77.jpg,13
webcam_78.jpg,13
webcam_79.jpg,13
webcam_8.jpg,13
webcam_80.jpg,13
webcam_81.jpg,13
webcam_82.jpg,13
webcam_83.jpg,13
webcam_84.jpg,13
webcam_85.jpg,13
webcam_86.jpg,13
webcam_87.jpg,13
webcam_88.jpg,13
webcam_89.jpg,13
webcam_9.jpg,13
webcam_90.jpg,13
webcam_91.jpg,13
webcam_92.jpg,13
webcam_93.jpg,13
webcam_94.jpg,13
webcam_95.jpg,13
webcam_96.jpg,13
webcam_97.jpg,13
webcam_98.jpg,13
webcam_99.jpg,13
